safety_score_0_100,reliability_score_0_100,economic_score_0_100,environment_score_0_100,overall_score_0_100
99.66086918672123,40.791154977527015,66.76098264290513,,
